N,H,nodes,IR,IW,IB,DR,DW,DB
1,1,1,0,0,44,0,0,24
2,1,1,0,0,44,0,0,48
3,2,2,0,3,132,0,0,72
4,2,2,1,1,132,0,0,96
5,2,2,2,2,132,0,1,120
6,2,3,2,3,176,0,1,144
7,2,3,1,1,176,0,0,168
8,2,3,2,2,176,0,0,192
9,3,5,2,5,308,0,0,216
10,3,5,2,1,308,0,1,240
11,3,5,3,3,308,0,1,264
12,3,6,3,3,352,0,0,288
13,3,6,2,1,352,0,0,312
14,3,6,3,3,352,0,0,336
15,3,7,4,4,396,0,1,360
16,3,7,2,1,396,0,1,384
17,3,7,3,3,396,0,0,408
18,3,9,4,5,484,0,0,432
19,3,9,2,1,484,0,0,456
20,3,9,3,3,484,0,1,480
21,3,10,3,3,528,0,1,504
22,3,10,2,1,528,0,0,528
23,3,10,3,3,528,0,0,552
24,3,11,4,4,572,0,0,576
25,3,11,2,1,572,0,1,600
26,3,11,3,3,572,0,1,624
27,4,14,4,7,748,0,0,648
28,4,14,3,1,748,0,0,672
29,4,14,4,3,748,0,0,696
30,4,15,4,3,792,0,1,720
31,4,15,3,1,792,0,1,744
32,4,15,4,3,792,0,0,768
33,4,16,5,5,836,0,0,792
34,4,16,3,1,836,0,0,816
35,4,16,4,3,836,0,1,840
36,4,18,5,5,924,0,1,864
37,4,18,3,1,924,0,0,888
38,4,18,4,3,924,0,0,912
39,4,19,4,3,968,0,0,936
40,4,19,3,1,968,0,1,960
41,4,19,4,3,968,0,1,984
42,4,20,5,5,1012,0,0,1008
43,4,20,3,1,1012,0,0,1032
44,4,20,4,3,1012,0,0,1056
45,4,22,6,6,1100,0,1,1080
46,4,22,3,1,1100,0,1,1104
47,4,22,4,3,1100,0,0,1128
48,4,23,4,3,1144,0,0,1152
49,4,23,3,1,1144,0,0,1176
50,4,23,4,3,1144,0,1,1200
51,4,24,5,5,1188,0,1,1224
52,4,24,3,1,1188,0,0,1248
53,4,24,4,3,1188,0,0,1272
54,4,27,6,7,1320,0,0,1296
55,4,27,3,1,1320,0,1,1320
56,4,27,4,3,1320,0,1,1344
57,4,28,4,3,1364,0,0,1368
58,4,28,3,1,1364,0,0,1392
59,4,28,4,3,1364,0,0,1416
60,4,29,5,5,1408,0,1,1440
61,4,29,3,1,1408,0,1,1464
62,4,29,4,3,1408,0,0,1488
63,4,31,5,5,1496,0,0,1512
64,4,31,3,1,1496,0,0,1536
65,4,31,4,3,1496,0,1,1560
66,4,32,4,3,1540,0,1,1584
67,4,32,3,1,1540,0,0,1608
68,4,32,4,3,1540,0,0,1632
69,4,33,5,5,1584,0,0,1656
70,4,33,3,1,1584,0,1,1680
71,4,33,4,3,1584,0,1,1704
72,4,35,6,6,1672,0,0,1728
73,4,35,3,1,1672,0,0,1752
74,4,35,4,3,1672,0,0,1776
75,4,36,4,3,1716,0,1,1800
76,4,36,3,1,1716,0,1,1824
77,4,36,4,3,1716,0,0,1848
78,4,37,5,5,1760,0,0,1872
79,4,37,3,1,1760,0,0,1896
80,4,37,4,3,1760,0,1,1920
81,5,41,6,9,1980,0,1,1944
82,5,41,4,1,1980,0,0,1968
83,5,41,5,3,1980,0,0,1992
84,5,42,5,3,2024,0,0,2016
85,5,42,4,1,2024,0,1,2040
86,5,42,5,3,2024,0,1,2064
87,5,43,6,5,2068,0,0,2088
88,5,43,4,1,2068,0,0,2112
89,5,43,5,3,2068,0,0,2136
90,5,45,6,5,2156,0,1,2160
91,5,45,4,1,2156,0,1,2184
92,5,45,5,3,2156,0,0,2208
93,5,46,5,3,2200,0,0,2232
94,5,46,4,1,2200,0,0,2256
95,5,46,5,3,2200,0,1,2280
96,5,47,6,5,2244,0,1,2304
97,5,47,4,1,2244,0,0,2328
98,5,47,5,3,2244,0,0,2352
99,5,49,7,7,2332,0,0,2376
100,5,49,4,1,2332,0,1,2400
101,5,49,5,3,2332,0,1,2424
102,5,50,5,3,2376,0,0,2448
103,5,50,4,1,2376,0,0,2472
104,5,50,5,3,2376,0,0,2496
105,5,51,6,5,2420,0,1,2520
106,5,51,4,1,2420,0,1,2544
107,5,51,5,3,2420,0,0,2568
108,5,54,7,7,2552,0,0,2592
109,5,54,4,1,2552,0,0,2616
110,5,54,5,3,2552,0,1,2640
111,5,55,5,3,2596,0,1,2664
112,5,55,4,1,2596,0,0,2688
113,5,55,5,3,2596,0,0,2712
114,5,56,6,5,2640,0,0,2736
115,5,56,4,1,2640,0,1,2760
116,5,56,5,3,2640,0,1,2784
117,5,58,6,5,2728,0,0,2808
118,5,58,4,1,2728,0,0,2832
119,5,58,5,3,2728,0,0,2856
120,5,59,5,3,2772,0,1,2880
121,5,59,4,1,2772,0,1,2904
122,5,59,5,3,2772,0,0,2928
123,5,60,6,5,2816,0,0,2952
124,5,60,4,1,2816,0,0,2976
125,5,60,5,3,2816,0,1,3000
126,5,62,7,7,2904,0,1,3024
127,5,62,4,1,2904,0,0,3048
128,5,62,5,3,2904,0,0,3072
129,5,63,5,3,2948,0,0,3096
130,5,63,4,1,2948,0,1,3120
131,5,63,5,3,2948,0,1,3144
132,5,64,6,5,2992,0,0,3168
133,5,64,4,1,2992,0,0,3192
134,5,64,5,3,2992,0,0,3216
135,5,67,8,8,3124,0,1,3240
136,5,67,4,1,3124,0,1,3264
137,5,67,5,3,3124,0,0,3288
138,5,68,5,3,3168,0,0,3312
139,5,68,4,1,3168,0,0,3336
140,5,68,5,3,3168,0,1,3360
141,5,69,6,5,3212,0,1,3384
142,5,69,4,1,3212,0,0,3408
143,5,69,5,3,3212,0,0,3432
144,5,71,6,5,3300,0,0,3456
145,5,71,4,1,3300,0,1,3480
146,5,71,5,3,3300,0,1,3504
147,5,72,5,3,3344,0,0,3528
148,5,72,4,1,3344,0,0,3552
149,5,72,5,3,3344,0,0,3576
150,5,73,6,5,3388,0,1,3600
151,5,73,4,1,3388,0,1,3624
152,5,73,5,3,3388,0,0,3648
153,5,75,7,7,3476,0,0,3672
154,5,75,4,1,3476,0,0,3696
155,5,75,5,3,3476,0,1,3720
156,5,76,5,3,3520,0,1,3744
157,5,76,4,1,3520,0,0,3768
158,5,76,5,3,3520,0,0,3792
159,5,77,6,5,3564,0,0,3816
160,5,77,4,1,3564,0,1,3840
161,5,77,5,3,3564,0,1,3864
162,5,81,8,9,3740,0,0,3888
163,5,81,4,1,3740,0,0,3912
164,5,81,5,3,3740,0,0,3936
165,5,82,5,3,3784,0,1,3960
166,5,82,4,1,3784,0,1,3984
167,5,82,5,3,3784,0,0,4008
168,5,83,6,5,3828,0,0,4032
169,5,83,4,1,3828,0,0,4056
170,5,83,5,3,3828,0,1,4080
171,5,85,6,5,3916,0,1,4104
172,5,85,4,1,3916,0,0,4128
173,5,85,5,3,3916,0,0,4152
174,5,86,5,3,3960,0,0,4176
175,5,86,4,1,3960,0,1,4200
176,5,86,5,3,3960,0,1,4224
177,5,87,6,5,4004,0,0,4248
178,5,87,4,1,4004,0,0,4272
179,5,87,5,3,4004,0,0,4296
180,5,89,7,7,4092,0,1,4320
181,5,89,4,1,4092,0,1,4344
182,5,89,5,3,4092,0,0,4368
183,5,90,5,3,4136,0,0,4392
184,5,90,4,1,4136,0,0,4416
185,5,90,5,3,4136,0,1,4440
186,5,91,6,5,4180,0,1,4464
187,5,91,4,1,4180,0,0,4488
188,5,91,5,3,4180,0,0,4512
189,5,94,7,7,4312,0,0,4536
190,5,94,4,1,4312,0,1,4560
191,5,94,5,3,4312,0,1,4584
192,5,95,5,3,4356,0,0,4608
193,5,95,4,1,4356,0,0,4632
194,5,95,5,3,4356,0,0,4656
195,5,96,6,5,4400,0,1,4680
196,5,96,4,1,4400,0,1,4704
197,5,96,5,3,4400,0,0,4728
198,5,98,6,5,4488,0,0,4752
199,5,98,4,1,4488,0,0,4776
200,5,98,5,3,4488,0,1,4800
201,5,99,5,3,4532,0,1,4824
202,5,99,4,1,4532,0,0,4848
203,5,99,5,3,4532,0,0,4872
204,5,100,6,5,4576,0,0,4896
205,5,100,4,1,4576,0,1,4920
206,5,100,5,3,4576,0,1,4944
207,5,102,7,7,4664,0,0,4968
208,5,102,4,1,4664,0,0,4992
209,5,102,5,3,4664,0,0,5016
210,5,103,5,3,4708,0,1,5040
211,5,103,4,1,4708,0,1,5064
212,5,103,5,3,4708,0,0,5088
213,5,104,6,5,4752,0,0,5112
214,5,104,4,1,4752,0,0,5136
215,5,104,5,3,4752,0,1,5160
216,5,107,8,8,4884,0,1,5184
217,5,107,4,1,4884,0,0,5208
218,5,107,5,3,4884,0,0,5232
219,5,108,5,3,4928,0,0,5256
220,5,108,4,1,4928,0,1,5280
221,5,108,5,3,4928,0,1,5304
222,5,109,6,5,4972,0,0,5328
223,5,109,4,1,4972,0,0,5352
224,5,109,5,3,4972,0,0,5376
225,5,111,6,5,5060,0,1,5400
226,5,111,4,1,5060,0,1,5424
227,5,111,5,3,5060,0,0,5448
228,5,112,5,3,5104,0,0,5472
229,5,112,4,1,5104,0,0,5496
230,5,112,5,3,5104,0,1,5520
231,5,113,6,5,5148,0,1,5544
232,5,113,4,1,5148,0,0,5568
233,5,113,5,3,5148,0,0,5592
234,5,115,7,7,5236,0,0,5616
235,5,115,4,1,5236,0,1,5640
236,5,115,5,3,5236,0,1,5664
237,5,116,5,3,5280,0,0,5688
238,5,116,4,1,5280,0,0,5712
239,5,116,5,3,5280,0,0,5736
240,5,117,6,5,5324,0,1,5760
241,5,117,4,1,5324,0,1,5784
242,5,117,5,3,5324,0,0,5808
243,6,122,8,11,5588,0,0,5832
244,6,122,5,1,5588,0,0,5856
245,6,122,6,3,5588,0,1,5880
246,6,123,6,3,5632,0,1,5904
247,6,123,5,1,5632,0,0,5928
248,6,123,6,3,5632,0,0,5952
249,6,124,7,5,5676,0,0,5976
250,6,124,5,1,5676,0,1,6000
251,6,124,6,3,5676,0,1,6024
252,6,126,7,5,5764,0,0,6048
253,6,126,5,1,5764,0,0,6072
254,6,126,6,3,5764,0,0,6096
255,6,127,6,3,5808,0,1,6120
256,6,127,5,1,5808,0,1,6144
257,6,127,6,3,5808,0,0,6168
258,6,128,7,5,5852,0,0,6192
259,6,128,5,1,5852,0,0,6216
260,6,128,6,3,5852,0,1,6240
261,6,130,8,7,5940,0,1,6264
262,6,130,5,1,5940,0,0,6288
263,6,130,6,3,5940,0,0,6312
264,6,131,6,3,5984,0,0,6336
265,6,131,5,1,5984,0,1,6360
266,6,131,6,3,5984,0,1,6384
267,6,132,7,5,6028,0,0,6408
268,6,132,5,1,6028,0,0,6432
269,6,132,6,3,6028,0,0,6456
270,6,135,8,7,6160,0,1,6480
271,6,135,5,1,6160,0,1,6504
272,6,135,6,3,6160,0,0,6528
273,6,136,6,3,6204,0,0,6552
274,6,136,5,1,6204,0,0,6576
275,6,136,6,3,6204,0,1,6600
276,6,137,7,5,6248,0,1,6624
277,6,137,5,1,6248,0,0,6648
278,6,137,6,3,6248,0,0,6672
279,6,139,7,5,6336,0,0,6696
280,6,139,5,1,6336,0,1,6720
281,6,139,6,3,6336,0,1,6744
282,6,140,6,3,6380,0,0,6768
283,6,140,5,1,6380,0,0,6792
284,6,140,6,3,6380,0,0,6816
285,6,141,7,5,6424,0,1,6840
286,6,141,5,1,6424,0,1,6864
287,6,141,6,3,6424,0,0,6888
288,6,143,8,7,6512,0,0,6912
289,6,143,5,1,6512,0,0,6936
290,6,143,6,3,6512,0,1,6960
291,6,144,6,3,6556,0,1,6984
292,6,144,5,1,6556,0,0,7008
293,6,144,6,3,6556,0,0,7032
294,6,145,7,5,6600,0,0,7056
295,6,145,5,1,6600,0,1,7080
296,6,145,6,3,6600,0,1,7104
297,6,148,9,9,6732,0,0,7128
298,6,148,5,1,6732,0,0,7152
299,6,148,6,3,6732,0,0,7176
300,6,149,6,3,6776,0,1,7200
301,6,149,5,1,6776,0,1,7224
302,6,149,6,3,6776,0,0,7248
303,6,150,7,5,6820,0,0,7272
304,6,150,5,1,6820,0,0,7296
305,6,150,6,3,6820,0,1,7320
306,6,152,7,5,6908,0,1,7344
307,6,152,5,1,6908,0,0,7368
308,6,152,6,3,6908,0,0,7392
309,6,153,6,3,6952,0,0,7416
310,6,153,5,1,6952,0,1,7440
311,6,153,6,3,6952,0,1,7464
312,6,154,7,5,6996,0,0,7488
313,6,154,5,1,6996,0,0,7512
314,6,154,6,3,6996,0,0,7536
315,6,156,8,7,7084,0,1,7560
316,6,156,5,1,7084,0,1,7584
317,6,156,6,3,7084,0,0,7608
318,6,157,6,3,7128,0,0,7632
319,6,157,5,1,7128,0,0,7656
320,6,157,6,3,7128,0,1,7680
321,6,158,7,5,7172,0,1,7704
322,6,158,5,1,7172,0,0,7728
323,6,158,6,3,7172,0,0,7752
324,6,162,9,9,7348,0,0,7776
325,6,162,5,1,7348,0,1,7800
326,6,162,6,3,7348,0,1,7824
327,6,163,6,3,7392,0,0,7848
328,6,163,5,1,7392,0,0,7872
329,6,163,6,3,7392,0,0,7896
330,6,164,7,5,7436,0,1,7920
331,6,164,5,1,7436,0,1,7944
332,6,164,6,3,7436,0,0,7968
333,6,166,7,5,7524,0,0,7992
334,6,166,5,1,7524,0,0,8016
335,6,166,6,3,7524,0,1,8040
336,6,167,6,3,7568,0,1,8064
337,6,167,5,1,7568,0,0,8088
338,6,167,6,3,7568,0,0,8112
339,6,168,7,5,7612,0,0,8136
340,6,168,5,1,7612,0,1,8160
341,6,168,6,3,7612,0,1,8184
342,6,170,8,7,7700,0,0,8208
343,6,170,5,1,7700,0,0,8232
344,6,170,6,3,7700,0,0,8256
345,6,171,6,3,7744,0,1,8280
346,6,171,5,1,7744,0,1,8304
347,6,171,6,3,7744,0,0,8328
348,6,172,7,5,7788,0,0,8352
349,6,172,5,1,7788,0,0,8376
350,6,172,6,3,7788,0,1,8400
351,6,175,8,7,7920,0,1,8424
352,6,175,5,1,7920,0,0,8448
353,6,175,6,3,7920,0,0,8472
354,6,176,6,3,7964,0,0,8496
355,6,176,5,1,7964,0,1,8520
356,6,176,6,3,7964,0,1,8544
357,6,177,7,5,8008,0,0,8568
358,6,177,5,1,8008,0,0,8592
359,6,177,6,3,8008,0,0,8616
360,6,179,7,5,8096,0,1,8640
361,6,179,5,1,8096,0,1,8664
362,6,179,6,3,8096,0,0,8688
363,6,180,6,3,8140,0,0,8712
364,6,180,5,1,8140,0,0,8736
365,6,180,6,3,8140,0,1,8760
366,6,181,7,5,8184,0,1,8784
367,6,181,5,1,8184,0,0,8808
368,6,181,6,3,8184,0,0,8832
369,6,183,8,7,8272,0,0,8856
370,6,183,5,1,8272,0,1,8880
371,6,183,6,3,8272,0,1,8904
372,6,184,6,3,8316,0,0,8928
373,6,184,5,1,8316,0,0,8952
374,6,184,6,3,8316,0,0,8976
375,6,185,7,5,8360,0,1,9000
376,6,185,5,1,8360,0,1,9024
377,6,185,6,3,8360,0,0,9048
378,6,188,9,9,8492,0,0,9072
379,6,188,5,1,8492,0,0,9096
380,6,188,6,3,8492,0,1,9120
381,6,189,6,3,8536,0,1,9144
382,6,189,5,1,8536,0,0,9168
383,6,189,6,3,8536,0,0,9192
384,6,190,7,5,8580,0,0,9216
385,6,190,5,1,8580,0,1,9240
386,6,190,6,3,8580,0,1,9264
387,6,192,7,5,8668,0,0,9288
388,6,192,5,1,8668,0,0,9312
389,6,192,6,3,8668,0,0,9336
390,6,193,6,3,8712,0,1,9360
391,6,193,5,1,8712,0,1,9384
392,6,193,6,3,8712,0,0,9408
393,6,194,7,5,8756,0,0,9432
394,6,194,5,1,8756,0,0,9456
395,6,194,6,3,8756,0,1,9480
396,6,196,8,7,8844,0,1,9504
397,6,196,5,1,8844,0,0,9528
398,6,196,6,3,8844,0,0,9552
399,6,197,6,3,8888,0,0,9576
400,6,197,5,1,8888,0,1,9600
401,6,197,6,3,8888,0,1,9624
402,6,198,7,5,8932,0,0,9648
403,6,198,5,1,8932,0,0,9672
404,6,198,6,3,8932,0,0,9696
405,6,202,10,10,9108,0,1,9720
406,6,202,5,1,9108,0,1,9744
407,6,202,6,3,9108,0,0,9768
408,6,203,6,3,9152,0,0,9792
409,6,203,5,1,9152,0,0,9816
410,6,203,6,3,9152,0,1,9840
411,6,204,7,5,9196,0,1,9864
412,6,204,5,1,9196,0,0,9888
413,6,204,6,3,9196,0,0,9912
414,6,206,7,5,9284,0,0,9936
415,6,206,5,1,9284,0,1,9960
416,6,206,6,3,9284,0,1,9984
417,6,207,6,3,9328,0,0,10008
418,6,207,5,1,9328,0,0,10032
419,6,207,6,3,9328,0,0,10056
420,6,208,7,5,9372,0,1,10080
421,6,208,5,1,9372,0,1,10104
422,6,208,6,3,9372,0,0,10128
423,6,210,8,7,9460,0,0,10152
424,6,210,5,1,9460,0,0,10176
425,6,210,6,3,9460,0,1,10200
426,6,211,6,3,9504,0,1,10224
427,6,211,5,1,9504,0,0,10248
428,6,211,6,3,9504,0,0,10272
429,6,212,7,5,9548,0,0,10296
430,6,212,5,1,9548,0,1,10320
431,6,212,6,3,9548,0,1,10344
432,6,215,8,7,9680,0,0,10368
433,6,215,5,1,9680,0,0,10392
434,6,215,6,3,9680,0,0,10416
435,6,216,6,3,9724,0,1,10440
436,6,216,5,1,9724,0,1,10464
437,6,216,6,3,9724,0,0,10488
438,6,217,7,5,9768,0,0,10512
439,6,217,5,1,9768,0,0,10536
440,6,217,6,3,9768,0,1,10560
441,6,219,7,5,9856,0,1,10584
442,6,219,5,1,9856,0,0,10608
443,6,219,6,3,9856,0,0,10632
444,6,220,6,3,9900,0,0,10656
445,6,220,5,1,9900,0,1,10680
446,6,220,6,3,9900,0,1,10704
447,6,221,7,5,9944,0,0,10728
448,6,221,5,1,9944,0,0,10752
449,6,221,6,3,9944,0,0,10776
450,6,223,8,7,10032,0,1,10800
451,6,223,5,1,10032,0,1,10824
452,6,223,6,3,10032,0,0,10848
453,6,224,6,3,10076,0,0,10872
454,6,224,5,1,10076,0,0,10896
455,6,224,6,3,10076,0,1,10920
456,6,225,7,5,10120,0,1,10944
457,6,225,5,1,10120,0,0,10968
458,6,225,6,3,10120,0,0,10992
459,6,228,9,9,10252,0,0,11016
460,6,228,5,1,10252,0,1,11040
461,6,228,6,3,10252,0,1,11064
462,6,229,6,3,10296,0,0,11088
463,6,229,5,1,10296,0,0,11112
464,6,229,6,3,10296,0,0,11136
465,6,230,7,5,10340,0,1,11160
466,6,230,5,1,10340,0,1,11184
467,6,230,6,3,10340,0,0,11208
468,6,232,7,5,10428,0,0,11232
469,6,232,5,1,10428,0,0,11256
470,6,232,6,3,10428,0,1,11280
471,6,233,6,3,10472,0,1,11304
472,6,233,5,1,10472,0,0,11328
473,6,233,6,3,10472,0,0,11352
474,6,234,7,5,10516,0,0,11376
475,6,234,5,1,10516,0,1,11400
476,6,234,6,3,10516,0,1,11424
477,6,236,8,7,10604,0,0,11448
478,6,236,5,1,10604,0,0,11472
479,6,236,6,3,10604,0,0,11496
480,6,237,6,3,10648,0,1,11520
481,6,237,5,1,10648,0,1,11544
482,6,237,6,3,10648,0,0,11568
483,6,238,7,5,10692,0,0,11592
484,6,238,5,1,10692,0,0,11616
485,6,238,6,3,10692,0,1,11640
486,6,243,10,11,10912,0,1,11664
487,6,243,5,1,10912,0,0,11688
488,6,243,6,3,10912,0,0,11712
489,6,244,6,3,10956,0,0,11736
490,6,244,5,1,10956,0,1,11760
491,6,244,6,3,10956,0,1,11784
492,6,245,7,5,11000,0,0,11808
493,6,245,5,1,11000,0,0,11832
494,6,245,6,3,11000,0,0,11856
495,6,247,7,5,11088,0,1,11880
496,6,247,5,1,11088,0,1,11904
497,6,247,6,3,11088,0,0,11928
498,6,248,6,3,11132,0,0,11952
499,6,248,5,1,11132,0,0,11976
500,6,248,6,3,11132,0,1,12000
501,6,249,7,5,11176,0,1,12024
502,6,249,5,1,11176,0,0,12048
503,6,249,6,3,11176,0,0,12072
504,6,251,8,7,11264,0,0,12096
505,6,251,5,1,11264,0,1,12120
506,6,251,6,3,11264,0,1,12144
507,6,252,6,3,11308,0,0,12168
508,6,252,5,1,11308,0,0,12192
509,6,252,6,3,11308,0,0,12216
510,6,253,7,5,11352,0,1,12240
511,6,253,5,1,11352,0,1,12264
512,6,253,6,3,11352,0,0,12288
513,6,256,8,7,11484,0,0,12312
514,6,256,5,1,11484,0,0,12336
515,6,256,6,3,11484,0,1,12360
516,6,257,6,3,11528,0,1,12384
517,6,257,5,1,11528,0,0,12408
518,6,257,6,3,11528,0,0,12432
519,6,258,7,5,11572,0,0,12456
520,6,258,5,1,11572,0,1,12480
521,6,258,6,3,11572,0,1,12504
522,6,260,7,5,11660,0,0,12528
523,6,260,5,1,11660,0,0,12552
524,6,260,6,3,11660,0,0,12576
525,6,261,6,3,11704,0,1,12600
526,6,261,5,1,11704,0,1,12624
527,6,261,6,3,11704,0,0,12648
528,6,262,7,5,11748,0,0,12672
529,6,262,5,1,11748,0,0,12696
530,6,262,6,3,11748,0,1,12720
531,6,264,8,7,11836,0,1,12744
532,6,264,5,1,11836,0,0,12768
533,6,264,6,3,11836,0,0,12792
534,6,265,6,3,11880,0,0,12816
535,6,265,5,1,11880,0,1,12840
536,6,265,6,3,11880,0,1,12864
537,6,266,7,5,11924,0,0,12888
538,6,266,5,1,11924,0,0,12912
539,6,266,6,3,11924,0,0,12936
540,6,269,9,9,12056,0,1,12960
541,6,269,5,1,12056,0,1,12984
542,6,269,6,3,12056,0,0,13008
543,6,270,6,3,12100,0,0,13032
544,6,270,5,1,12100,0,0,13056
545,6,270,6,3,12100,0,1,13080
546,6,271,7,5,12144,0,1,13104
547,6,271,5,1,12144,0,0,13128
548,6,271,6,3,12144,0,0,13152
549,6,273,7,5,12232,0,0,13176
550,6,273,5,1,12232,0,1,13200
551,6,273,6,3,12232,0,1,13224
552,6,274,6,3,12276,0,0,13248
553,6,274,5,1,12276,0,0,13272
554,6,274,6,3,12276,0,0,13296
555,6,275,7,5,12320,0,1,13320
556,6,275,5,1,12320,0,1,13344
557,6,275,6,3,12320,0,0,13368
558,6,277,8,7,12408,0,0,13392
559,6,277,5,1,12408,0,0,13416
560,6,277,6,3,12408,0,1,13440
561,6,278,6,3,12452,0,1,13464
562,6,278,5,1,12452,0,0,13488
563,6,278,6,3,12452,0,0,13512
564,6,279,7,5,12496,0,0,13536
565,6,279,5,1,12496,0,1,13560
566,6,279,6,3,12496,0,1,13584
567,6,283,9,9,12672,0,0,13608
568,6,283,5,1,12672,0,0,13632
569,6,283,6,3,12672,0,0,13656
570,6,284,6,3,12716,0,1,13680
571,6,284,5,1,12716,0,1,13704
572,6,284,6,3,12716,0,0,13728
573,6,285,7,5,12760,0,0,13752
574,6,285,5,1,12760,0,0,13776
575,6,285,6,3,12760,0,1,13800
576,6,287,7,5,12848,0,1,13824
577,6,287,5,1,12848,0,0,13848
578,6,287,6,3,12848,0,0,13872
579,6,288,6,3,12892,0,0,13896
580,6,288,5,1,12892,0,1,13920
581,6,288,6,3,12892,0,1,13944
582,6,289,7,5,12936,0,0,13968
583,6,289,5,1,12936,0,0,13992
584,6,289,6,3,12936,0,0,14016
585,6,291,8,7,13024,0,1,14040
586,6,291,5,1,13024,0,1,14064
587,6,291,6,3,13024,0,0,14088
588,6,292,6,3,13068,0,0,14112
589,6,292,5,1,13068,0,0,14136
590,6,292,6,3,13068,0,1,14160
591,6,293,7,5,13112,0,1,14184
592,6,293,5,1,13112,0,0,14208
593,6,293,6,3,13112,0,0,14232
594,6,296,8,7,13244,0,0,14256
595,6,296,5,1,13244,0,1,14280
596,6,296,6,3,13244,0,1,14304
597,6,297,6,3,13288,0,0,14328
598,6,297,5,1,13288,0,0,14352
599,6,297,6,3,13288,0,0,14376
600,6,298,7,5,13332,0,1,14400
601,6,298,5,1,13332,0,1,14424
602,6,298,6,3,13332,0,0,14448
603,6,300,7,5,13420,0,0,14472
604,6,300,5,1,13420,0,0,14496
605,6,300,6,3,13420,0,1,14520
606,6,301,6,3,13464,0,1,14544
607,6,301,5,1,13464,0,0,14568
608,6,301,6,3,13464,0,0,14592
609,6,302,7,5,13508,0,0,14616
610,6,302,5,1,13508,0,1,14640
611,6,302,6,3,13508,0,1,14664
612,6,304,8,7,13596,0,0,14688
613,6,304,5,1,13596,0,0,14712
614,6,304,6,3,13596,0,0,14736
615,6,305,6,3,13640,0,1,14760
616,6,305,5,1,13640,0,1,14784
617,6,305,6,3,13640,0,0,14808
618,6,306,7,5,13684,0,0,14832
619,6,306,5,1,13684,0,0,14856
620,6,306,6,3,13684,0,1,14880
621,6,309,9,9,13816,0,1,14904
622,6,309,5,1,13816,0,0,14928
623,6,309,6,3,13816,0,0,14952
624,6,310,6,3,13860,0,0,14976
625,6,310,5,1,13860,0,1,15000
626,6,310,6,3,13860,0,1,15024
627,6,311,7,5,13904,0,0,15048
628,6,311,5,1,13904,0,0,15072
629,6,311,6,3,13904,0,0,15096
630,6,313,7,5,13992,0,1,15120
631,6,313,5,1,13992,0,1,15144
632,6,313,6,3,13992,0,0,15168
633,6,314,6,3,14036,0,0,15192
634,6,314,5,1,14036,0,0,15216
635,6,314,6,3,14036,0,1,15240
636,6,315,7,5,14080,0,1,15264
637,6,315,5,1,14080,0,0,15288
638,6,315,6,3,14080,0,0,15312
639,6,317,8,7,14168,0,0,15336
640,6,317,5,1,14168,0,1,15360
641,6,317,6,3,14168,0,1,15384
642,6,318,6,3,14212,0,0,15408
643,6,318,5,1,14212,0,0,15432
644,6,318,6,3,14212,0,0,15456
645,6,319,7,5,14256,0,1,15480
646,6,319,5,1,14256,0,1,15504
647,6,319,6,3,14256,0,0,15528
648,6,323,10,10,14432,0,0,15552
649,6,323,5,1,14432,0,0,15576
650,6,323,6,3,14432,0,1,15600
651,6,324,6,3,14476,0,1,15624
652,6,324,5,1,14476,0,0,15648
653,6,324,6,3,14476,0,0,15672
654,6,325,7,5,14520,0,0,15696
655,6,325,5,1,14520,0,1,15720
656,6,325,6,3,14520,0,1,15744
657,6,327,7,5,14608,0,0,15768
658,6,327,5,1,14608,0,0,15792
659,6,327,6,3,14608,0,0,15816
660,6,328,6,3,14652,0,1,15840
661,6,328,5,1,14652,0,1,15864
662,6,328,6,3,14652,0,0,15888
663,6,329,7,5,14696,0,0,15912
664,6,329,5,1,14696,0,0,15936
665,6,329,6,3,14696,0,1,15960
666,6,331,8,7,14784,0,1,15984
667,6,331,5,1,14784,0,0,16008
668,6,331,6,3,14784,0,0,16032
669,6,332,6,3,14828,0,0,16056
670,6,332,5,1,14828,0,1,16080
671,6,332,6,3,14828,0,1,16104
672,6,333,7,5,14872,0,0,16128
673,6,333,5,1,14872,0,0,16152
674,6,333,6,3,14872,0,0,16176
675,6,336,8,7,15004,0,1,16200
676,6,336,5,1,15004,0,1,16224
677,6,336,6,3,15004,0,0,16248
678,6,337,6,3,15048,0,0,16272
679,6,337,5,1,15048,0,0,16296
680,6,337,6,3,15048,0,1,16320
681,6,338,7,5,15092,0,1,16344
682,6,338,5,1,15092,0,0,16368
683,6,338,6,3,15092,0,0,16392
684,6,340,7,5,15180,0,0,16416
685,6,340,5,1,15180,0,1,16440
686,6,340,6,3,15180,0,1,16464
687,6,341,6,3,15224,0,0,16488
688,6,341,5,1,15224,0,0,16512
689,6,341,6,3,15224,0,0,16536
690,6,342,7,5,15268,0,1,16560
691,6,342,5,1,15268,0,1,16584
692,6,342,6,3,15268,0,0,16608
693,6,344,8,7,15356,0,0,16632
694,6,344,5,1,15356,0,0,16656
695,6,344,6,3,15356,0,1,16680
696,6,345,6,3,15400,0,1,16704
697,6,345,5,1,15400,0,0,16728
698,6,345,6,3,15400,0,0,16752
699,6,346,7,5,15444,0,0,16776
700,6,346,5,1,15444,0,1,16800
701,6,346,6,3,15444,0,1,16824
702,6,349,9,9,15576,0,0,16848
703,6,349,5,1,15576,0,0,16872
704,6,349,6,3,15576,0,0,16896
705,6,350,6,3,15620,0,1,16920
706,6,350,5,1,15620,0,1,16944
707,6,350,6,3,15620,0,0,16968
708,6,351,7,5,15664,0,0,16992
709,6,351,5,1,15664,0,0,17016
710,6,351,6,3,15664,0,1,17040
711,6,353,7,5,15752,0,1,17064
712,6,353,5,1,15752,0,0,17088
713,6,353,6,3,15752,0,0,17112
714,6,354,6,3,15796,0,0,17136
715,6,354,5,1,15796,0,1,17160
716,6,354,6,3,15796,0,1,17184
717,6,355,7,5,15840,0,0,17208
718,6,355,5,1,15840,0,0,17232
719,6,355,6,3,15840,0,0,17256
720,6,357,8,7,15928,0,1,17280
721,6,357,5,1,15928,0,1,17304
722,6,357,6,3,15928,0,0,17328
723,6,358,6,3,15972,0,0,17352
724,6,358,5,1,15972,0,0,17376
725,6,358,6,3,15972,0,1,17400
726,6,359,7,5,16016,0,1,17424
727,6,359,5,1,16016,0,0,17448
728,6,359,6,3,16016,0,0,17472
729,7,365,10,13,16324,0,0,17496
730,7,365,6,1,16324,0,1,17520
731,7,365,7,3,16324,0,1,17544
732,7,366,7,3,16368,0,0,17568
733,7,366,6,1,16368,0,0,17592
734,7,366,7,3,16368,0,0,17616
735,7,367,8,5,16412,0,1,17640
736,7,367,6,1,16412,0,1,17664
737,7,367,7,3,16412,0,0,17688
738,7,369,8,5,16500,0,0,17712
739,7,369,6,1,16500,0,0,17736
740,7,369,7,3,16500,0,1,17760
741,7,370,7,3,16544,0,1,17784
742,7,370,6,1,16544,0,0,17808
743,7,370,7,3,16544,0,0,17832
744,7,371,8,5,16588,0,0,17856
745,7,371,6,1,16588,0,1,17880
746,7,371,7,3,16588,0,1,17904
747,7,373,9,7,16676,0,0,17928
748,7,373,6,1,16676,0,0,17952
749,7,373,7,3,16676,0,0,17976
750,7,374,7,3,16720,0,1,18000
751,7,374,6,1,16720,0,1,18024
752,7,374,7,3,16720,0,0,18048
753,7,375,8,5,16764,0,0,18072
754,7,375,6,1,16764,0,0,18096
755,7,375,7,3,16764,0,1,18120
756,7,378,9,7,16896,0,1,18144
757,7,378,6,1,16896,0,0,18168
758,7,378,7,3,16896,0,0,18192
759,7,379,7,3,16940,0,0,18216
760,7,379,6,1,16940,0,1,18240
761,7,379,7,3,16940,0,1,18264
762,7,380,8,5,16984,0,0,18288
763,7,380,6,1,16984,0,0,18312
764,7,380,7,3,16984,0,0,18336
765,7,382,8,5,17072,0,1,18360
766,7,382,6,1,17072,0,1,18384
767,7,382,7,3,17072,0,0,18408
768,7,383,7,3,17116,0,0,18432
769,7,383,6,1,17116,0,0,18456
770,7,383,7,3,17116,0,1,18480
771,7,384,8,5,17160,0,1,18504
772,7,384,6,1,17160,0,0,18528
773,7,384,7,3,17160,0,0,18552
774,7,386,9,7,17248,0,0,18576
775,7,386,6,1,17248,0,1,18600
776,7,386,7,3,17248,0,1,18624
777,7,387,7,3,17292,0,0,18648
778,7,387,6,1,17292,0,0,18672
779,7,387,7,3,17292,0,0,18696
780,7,388,8,5,17336,0,1,18720
781,7,388,6,1,17336,0,1,18744
782,7,388,7,3,17336,0,0,18768
783,7,391,10,9,17468,0,0,18792
784,7,391,6,1,17468,0,0,18816
785,7,391,7,3,17468,0,1,18840
786,7,392,7,3,17512,0,1,18864
787,7,392,6,1,17512,0,0,18888
788,7,392,7,3,17512,0,0,18912
789,7,393,8,5,17556,0,0,18936
790,7,393,6,1,17556,0,1,18960
791,7,393,7,3,17556,0,1,18984
792,7,395,8,5,17644,0,0,19008
793,7,395,6,1,17644,0,0,19032
794,7,395,7,3,17644,0,0,19056
795,7,396,7,3,17688,0,1,19080
796,7,396,6,1,17688,0,1,19104
797,7,396,7,3,17688,0,0,19128
798,7,397,8,5,17732,0,0,19152
799,7,397,6,1,17732,0,0,19176
800,7,397,7,3,17732,0,1,19200
801,7,399,9,7,17820,0,1,19224
802,7,399,6,1,17820,0,0,19248
803,7,399,7,3,17820,0,0,19272
804,7,400,7,3,17864,0,0,19296
805,7,400,6,1,17864,0,1,19320
806,7,400,7,3,17864,0,1,19344
807,7,401,8,5,17908,0,0,19368
808,7,401,6,1,17908,0,0,19392
809,7,401,7,3,17908,0,0,19416
810,7,405,10,9,18084,0,1,19440
811,7,405,6,1,18084,0,1,19464
812,7,405,7,3,18084,0,0,19488
813,7,406,7,3,18128,0,0,19512
814,7,406,6,1,18128,0,0,19536
815,7,406,7,3,18128,0,1,19560
816,7,407,8,5,18172,0,1,19584
817,7,407,6,1,18172,0,0,19608
818,7,407,7,3,18172,0,0,19632
819,7,409,8,5,18260,0,0,19656
820,7,409,6,1,18260,0,1,19680
821,7,409,7,3,18260,0,1,19704
822,7,410,7,3,18304,0,0,19728
823,7,410,6,1,18304,0,0,19752
824,7,410,7,3,18304,0,0,19776
825,7,411,8,5,18348,0,1,19800
826,7,411,6,1,18348,0,1,19824
827,7,411,7,3,18348,0,0,19848
828,7,413,9,7,18436,0,0,19872
829,7,413,6,1,18436,0,0,19896
830,7,413,7,3,18436,0,1,19920
831,7,414,7,3,18480,0,1,19944
832,7,414,6,1,18480,0,0,19968
833,7,414,7,3,18480,0,0,19992
834,7,415,8,5,18524,0,0,20016
835,7,415,6,1,18524,0,1,20040
836,7,415,7,3,18524,0,1,20064
837,7,418,9,7,18656,0,0,20088
838,7,418,6,1,18656,0,0,20112
839,7,418,7,3,18656,0,0,20136
840,7,419,7,3,18700,0,1,20160
841,7,419,6,1,18700,0,1,20184
842,7,419,7,3,18700,0,0,20208
843,7,420,8,5,18744,0,0,20232
844,7,420,6,1,18744,0,0,20256
845,7,420,7,3,18744,0,1,20280
846,7,422,8,5,18832,0,1,20304
847,7,422,6,1,18832,0,0,20328
848,7,422,7,3,18832,0,0,20352
849,7,423,7,3,18876,0,0,20376
850,7,423,6,1,18876,0,1,20400
851,7,423,7,3,18876,0,1,20424
852,7,424,8,5,18920,0,0,20448
853,7,424,6,1,18920,0,0,20472
854,7,424,7,3,18920,0,0,20496
855,7,426,9,7,19008,0,1,20520
856,7,426,6,1,19008,0,1,20544
857,7,426,7,3,19008,0,0,20568
858,7,427,7,3,19052,0,0,20592
859,7,427,6,1,19052,0,0,20616
860,7,427,7,3,19052,0,1,20640
861,7,428,8,5,19096,0,1,20664
862,7,428,6,1,19096,0,0,20688
863,7,428,7,3,19096,0,0,20712
864,7,431,10,9,19228,0,0,20736
865,7,431,6,1,19228,0,1,20760
866,7,431,7,3,19228,0,1,20784
867,7,432,7,3,19272,0,0,20808
868,7,432,6,1,19272,0,0,20832
869,7,432,7,3,19272,0,0,20856
870,7,433,8,5,19316,0,1,20880
871,7,433,6,1,19316,0,1,20904
872,7,433,7,3,19316,0,0,20928
873,7,435,8,5,19404,0,0,20952
874,7,435,6,1,19404,0,0,20976
875,7,435,7,3,19404,0,1,21000
876,7,436,7,3,19448,0,1,21024
877,7,436,6,1,19448,0,0,21048
878,7,436,7,3,19448,0,0,21072
879,7,437,8,5,19492,0,0,21096
880,7,437,6,1,19492,0,1,21120
881,7,437,7,3,19492,0,1,21144
882,7,439,9,7,19580,0,0,21168
883,7,439,6,1,19580,0,0,21192
884,7,439,7,3,19580,0,0,21216
885,7,440,7,3,19624,0,1,21240
886,7,440,6,1,19624,0,1,21264
887,7,440,7,3,19624,0,0,21288
888,7,441,8,5,19668,0,0,21312
889,7,441,6,1,19668,0,0,21336
890,7,441,7,3,19668,0,1,21360
891,7,445,11,11,19844,0,1,21384
892,7,445,6,1,19844,0,0,21408
893,7,445,7,3,19844,0,0,21432
894,7,446,7,3,19888,0,0,21456
895,7,446,6,1,19888,0,1,21480
896,7,446,7,3,19888,0,1,21504
897,7,447,8,5,19932,0,0,21528
898,7,447,6,1,19932,0,0,21552
899,7,447,7,3,19932,0,0,21576
900,7,449,8,5,20020,0,1,21600
901,7,449,6,1,20020,0,1,21624
902,7,449,7,3,20020,0,0,21648
903,7,450,7,3,20064,0,0,21672
904,7,450,6,1,20064,0,0,21696
905,7,450,7,3,20064,0,1,21720
906,7,451,8,5,20108,0,1,21744
907,7,451,6,1,20108,0,0,21768
908,7,451,7,3,20108,0,0,21792
909,7,453,9,7,20196,0,0,21816
910,7,453,6,1,20196,0,1,21840
911,7,453,7,3,20196,0,1,21864
912,7,454,7,3,20240,0,0,21888
913,7,454,6,1,20240,0,0,21912
914,7,454,7,3,20240,0,0,21936
915,7,455,8,5,20284,0,1,21960
916,7,455,6,1,20284,0,1,21984
917,7,455,7,3,20284,0,0,22008
918,7,458,9,7,20416,0,0,22032
919,7,458,6,1,20416,0,0,22056
920,7,458,7,3,20416,0,1,22080
921,7,459,7,3,20460,0,1,22104
922,7,459,6,1,20460,0,0,22128
923,7,459,7,3,20460,0,0,22152
924,7,460,8,5,20504,0,0,22176
925,7,460,6,1,20504,0,1,22200
926,7,460,7,3,20504,0,1,22224
927,7,462,8,5,20592,0,0,22248
928,7,462,6,1,20592,0,0,22272
929,7,462,7,3,20592,0,0,22296
930,7,463,7,3,20636,0,1,22320
931,7,463,6,1,20636,0,1,22344
932,7,463,7,3,20636,0,0,22368
933,7,464,8,5,20680,0,0,22392
934,7,464,6,1,20680,0,0,22416
935,7,464,7,3,20680,0,1,22440
936,7,466,9,7,20768,0,1,22464
937,7,466,6,1,20768,0,0,22488
938,7,466,7,3,20768,0,0,22512
939,7,467,7,3,20812,0,0,22536
940,7,467,6,1,20812,0,1,22560
941,7,467,7,3,20812,0,1,22584
942,7,468,8,5,20856,0,0,22608
943,7,468,6,1,20856,0,0,22632
944,7,468,7,3,20856,0,0,22656
945,7,471,10,9,20988,0,1,22680
946,7,471,6,1,20988,0,1,22704
947,7,471,7,3,20988,0,0,22728
948,7,472,7,3,21032,0,0,22752
949,7,472,6,1,21032,0,0,22776
950,7,472,7,3,21032,0,1,22800
951,7,473,8,5,21076,0,1,22824
952,7,473,6,1,21076,0,0,22848
953,7,473,7,3,21076,0,0,22872
954,7,475,8,5,21164,0,0,22896
955,7,475,6,1,21164,0,1,22920
956,7,475,7,3,21164,0,1,22944
957,7,476,7,3,21208,0,0,22968
958,7,476,6,1,21208,0,0,22992
959,7,476,7,3,21208,0,0,23016
960,7,477,8,5,21252,0,1,23040
961,7,477,6,1,21252,0,1,23064
962,7,477,7,3,21252,0,0,23088
963,7,479,9,7,21340,0,0,23112
964,7,479,6,1,21340,0,0,23136
965,7,479,7,3,21340,0,1,23160
966,7,480,7,3,21384,0,1,23184
967,7,480,6,1,21384,0,0,23208
968,7,480,7,3,21384,0,0,23232
969,7,481,8,5,21428,0,0,23256
970,7,481,6,1,21428,0,1,23280
971,7,481,7,3,21428,0,1,23304
972,7,486,11,11,21648,0,0,23328
973,7,486,6,1,21648,0,0,23352
974,7,486,7,3,21648,0,0,23376
975,7,487,7,3,21692,0,1,23400
976,7,487,6,1,21692,0,1,23424
977,7,487,7,3,21692,0,0,23448
978,7,488,8,5,21736,0,0,23472
979,7,488,6,1,21736,0,0,23496
980,7,488,7,3,21736,0,1,23520
981,7,490,8,5,21824,0,1,23544
982,7,490,6,1,21824,0,0,23568
983,7,490,7,3,21824,0,0,23592
984,7,491,7,3,21868,0,0,23616
985,7,491,6,1,21868,0,1,23640
986,7,491,7,3,21868,0,1,23664
987,7,492,8,5,21912,0,0,23688
988,7,492,6,1,21912,0,0,23712
989,7,492,7,3,21912,0,0,23736
990,7,494,9,7,22000,0,1,23760
991,7,494,6,1,22000,0,1,23784
992,7,494,7,3,22000,0,0,23808
993,7,495,7,3,22044,0,0,23832
994,7,495,6,1,22044,0,0,23856
995,7,495,7,3,22044,0,1,23880
996,7,496,8,5,22088,0,1,23904
997,7,496,6,1,22088,0,0,23928
998,7,496,7,3,22088,0,0,23952
999,7,499,9,7,22220,0,0,23976
1000,7,499,6,1,22220,0,1,24000
999,7,499,6,1,22220,0,1,24000
998,7,499,12,7,22220,0,1,24000
997,7,499,6,1,22220,0,1,24000
996,7,499,7,3,22220,0,1,24000
995,7,499,8,3,22220,0,1,24000
994,7,499,6,1,22220,0,1,24000
993,7,499,7,3,22220,0,1,24000
992,7,499,9,5,22220,0,1,24000
991,7,499,6,1,22220,0,1,24000
990,7,499,7,3,22220,0,1,24000
989,7,499,10,5,22220,0,1,24000
988,7,499,6,1,22220,0,1,24000
987,7,499,7,3,22220,0,1,24000
986,7,499,8,3,22220,0,1,24000
985,7,499,6,1,22220,0,1,24000
984,7,499,7,3,22220,0,1,24000
983,7,499,9,5,22220,0,1,24000
982,7,499,6,1,22220,0,1,24000
981,7,499,7,3,22220,0,1,24000
980,7,499,11,7,22220,0,1,24000
979,7,499,6,1,22220,0,1,24000
978,7,499,7,3,22220,0,1,24000
977,7,499,8,3,22220,0,1,24000
976,7,499,6,1,22220,0,1,24000
975,7,499,7,3,22220,0,1,24000
974,7,499,9,5,22220,0,1,24000
973,7,499,6,1,22220,0,1,24000
972,7,499,7,3,22220,0,1,24000
971,7,499,16,11,22220,0,1,24000
970,7,499,6,1,22220,0,1,24000
969,7,499,7,3,22220,0,1,24000
968,7,499,8,3,22220,0,1,24000
967,7,499,6,1,22220,0,1,24000
966,7,499,7,3,22220,0,1,24000
965,7,499,9,5,22220,0,1,24000
964,7,499,6,1,22220,0,1,24000
963,7,499,7,3,22220,0,1,24000
962,7,499,10,5,22220,0,1,24000
961,7,499,6,1,22220,0,1,24000
960,7,499,7,3,22220,0,1,24000
959,7,499,8,3,22220,0,1,24000
958,7,499,6,1,22220,0,1,24000
957,7,499,7,3,22220,0,1,24000
956,7,499,9,5,22220,0,1,24000
955,7,499,6,1,22220,0,1,24000
954,7,499,7,3,22220,0,1,24000
953,7,499,11,7,22220,0,1,24000
952,7,499,6,1,22220,0,1,24000
951,7,499,7,3,22220,0,1,24000
950,7,499,8,3,22220,0,1,24000
949,7,499,6,1,22220,0,1,24000
948,7,499,7,3,22220,0,1,24000
947,7,499,9,5,22220,0,1,24000
946,7,499,6,1,22220,0,1,24000
945,7,499,7,3,22220,0,1,24000
944,7,499,12,7,22220,0,1,24000
943,7,499,6,1,22220,0,1,24000
942,7,499,7,3,22220,0,1,24000
941,7,499,8,3,22220,0,1,24000
940,7,499,6,1,22220,0,1,24000
939,7,499,7,3,22220,0,1,24000
938,7,499,9,5,22220,0,1,24000
937,7,499,6,1,22220,0,1,24000
936,7,499,7,3,22220,0,1,24000
935,7,499,10,5,22220,0,1,24000
934,7,499,6,1,22220,0,1,24000
933,7,499,7,3,22220,0,1,24000
932,7,499,8,3,22220,0,1,24000
931,7,499,6,1,22220,0,1,24000
930,7,499,7,3,22220,0,1,24000
929,7,499,9,5,22220,0,1,24000
928,7,499,6,1,22220,0,1,24000
927,7,499,7,3,22220,0,1,24000
926,7,499,11,7,22220,0,1,24000
925,7,499,6,1,22220,0,1,24000
924,7,499,7,3,22220,0,1,24000
923,7,499,8,3,22220,0,1,24000
922,7,499,6,1,22220,0,1,24000
921,7,499,7,3,22220,0,1,24000
920,7,499,9,5,22220,0,1,24000
919,7,499,6,1,22220,0,1,24000
918,7,499,7,3,22220,0,1,24000
917,7,499,13,9,22220,0,1,24000
916,7,499,6,1,22220,0,1,24000
915,7,499,7,3,22220,0,1,24000
914,7,499,8,3,22220,0,1,24000
913,7,499,6,1,22220,0,1,24000
912,7,499,7,3,22220,0,1,24000
911,7,499,9,5,22220,0,1,24000
910,7,499,6,1,22220,0,1,24000
909,7,499,7,3,22220,0,1,24000
908,7,499,10,5,22220,0,1,24000
907,7,499,6,1,22220,0,1,24000
906,7,499,7,3,22220,0,1,24000
905,7,499,8,3,22220,0,1,24000
904,7,499,6,1,22220,0,1,24000
903,7,499,7,3,22220,0,1,24000
902,7,499,9,5,22220,0,1,24000
901,7,499,6,1,22220,0,1,24000
900,7,499,7,3,22220,0,1,24000
899,7,499,11,7,22220,0,1,24000
898,7,499,6,1,22220,0,1,24000
897,7,499,7,3,22220,0,1,24000
896,7,499,8,3,22220,0,1,24000
895,7,499,6,1,22220,0,1,24000
894,7,499,7,3,22220,0,1,24000
893,7,499,9,5,22220,0,1,24000
892,7,499,6,1,22220,0,1,24000
891,7,499,7,3,22220,0,1,24000
890,7,499,14,9,22220,0,1,24000
889,7,499,6,1,22220,0,1,24000
888,7,499,7,3,22220,0,1,24000
887,7,499,8,3,22220,0,1,24000
886,7,499,6,1,22220,0,1,24000
885,7,499,7,3,22220,0,1,24000
884,7,499,9,5,22220,0,1,24000
883,7,499,6,1,22220,0,1,24000
882,7,499,7,3,22220,0,1,24000
881,7,499,10,5,22220,0,1,24000
880,7,499,6,1,22220,0,1,24000
879,7,499,7,3,22220,0,1,24000
878,7,499,8,3,22220,0,1,24000
877,7,499,6,1,22220,0,1,24000
876,7,499,7,3,22220,0,1,24000
875,7,499,9,5,22220,0,1,24000
874,7,499,6,1,22220,0,1,24000
873,7,499,7,3,22220,0,1,24000
872,7,499,11,7,22220,0,1,24000
871,7,499,6,1,22220,0,1,24000
870,7,499,7,3,22220,0,1,24000
869,7,499,8,3,22220,0,1,24000
868,7,499,6,1,22220,0,1,24000
867,7,499,7,3,22220,0,1,24000
866,7,499,9,5,22220,0,1,24000
865,7,499,6,1,22220,0,1,24000
864,7,499,7,3,22220,0,1,24000
863,7,499,12,7,22220,0,1,24000
862,7,499,6,1,22220,0,1,24000
861,7,499,7,3,22220,0,1,24000
860,7,499,8,3,22220,0,1,24000
859,7,499,6,1,22220,0,1,24000
858,7,499,7,3,22220,0,1,24000
857,7,499,9,5,22220,0,1,24000
856,7,499,6,1,22220,0,1,24000
855,7,499,7,3,22220,0,1,24000
854,7,499,10,5,22220,0,1,24000
853,7,499,6,1,22220,0,1,24000
852,7,499,7,3,22220,0,1,24000
851,7,499,8,3,22220,0,1,24000
850,7,499,6,1,22220,0,1,24000
849,7,499,7,3,22220,0,1,24000
848,7,499,9,5,22220,0,1,24000
847,7,499,6,1,22220,0,1,24000
846,7,499,7,3,22220,0,1,24000
845,7,499,11,7,22220,0,1,24000
844,7,499,6,1,22220,0,1,24000
843,7,499,7,3,22220,0,1,24000
842,7,499,8,3,22220,0,1,24000
841,7,499,6,1,22220,0,1,24000
840,7,499,7,3,22220,0,1,24000
839,7,499,9,5,22220,0,1,24000
838,7,499,6,1,22220,0,1,24000
837,7,499,7,3,22220,0,1,24000
836,7,499,13,9,22220,0,1,24000
835,7,499,6,1,22220,0,1,24000
834,7,499,7,3,22220,0,1,24000
833,7,499,8,3,22220,0,1,24000
832,7,499,6,1,22220,0,1,24000
831,7,499,7,3,22220,0,1,24000
830,7,499,9,5,22220,0,1,24000
829,7,499,6,1,22220,0,1,24000
828,7,499,7,3,22220,0,1,24000
827,7,499,10,5,22220,0,1,24000
826,7,499,6,1,22220,0,1,24000
825,7,499,7,3,22220,0,1,24000
824,7,499,8,3,22220,0,1,24000
823,7,499,6,1,22220,0,1,24000
822,7,499,7,3,22220,0,1,24000
821,7,499,9,5,22220,0,1,24000
820,7,499,6,1,22220,0,1,24000
819,7,499,7,3,22220,0,1,24000
818,7,499,11,7,22220,0,1,24000
817,7,499,6,1,22220,0,1,24000
816,7,499,7,3,22220,0,1,24000
815,7,499,8,3,22220,0,1,24000
814,7,499,6,1,22220,0,1,24000
813,7,499,7,3,22220,0,1,24000
812,7,499,9,5,22220,0,1,24000
811,7,499,6,1,22220,0,1,24000
810,7,499,7,3,22220,0,1,24000
809,7,499,15,11,22220,0,1,24000
808,7,499,6,1,22220,0,1,24000
807,7,499,7,3,22220,0,1,24000
806,7,499,8,3,22220,0,1,24000
805,7,499,6,1,22220,0,1,24000
804,7,499,7,3,22220,0,1,24000
803,7,499,9,5,22220,0,1,24000
802,7,499,6,1,22220,0,1,24000
801,7,499,7,3,22220,0,1,24000
800,7,499,10,5,22220,0,1,24000
799,7,499,6,1,22220,0,1,24000
798,7,499,7,3,22220,0,1,24000
797,7,499,8,3,22220,0,1,24000
796,7,499,6,1,22220,0,1,24000
795,7,499,7,3,22220,0,1,24000
794,7,499,9,5,22220,0,1,24000
793,7,499,6,1,22220,0,1,24000
792,7,499,7,3,22220,0,1,24000
791,7,499,11,7,22220,0,1,24000
790,7,499,6,1,22220,0,1,24000
789,7,499,7,3,22220,0,1,24000
788,7,499,8,3,22220,0,1,24000
787,7,499,6,1,22220,0,1,24000
786,7,499,7,3,22220,0,1,24000
785,7,499,9,5,22220,0,1,24000
784,7,499,6,1,22220,0,1,24000
783,7,499,7,3,22220,0,1,24000
782,7,499,12,7,22220,0,1,24000
781,7,499,6,1,22220,0,1,24000
780,7,499,7,3,22220,0,1,24000
779,7,499,8,3,22220,0,1,24000
778,7,499,6,1,22220,0,1,24000
777,7,499,7,3,22220,0,1,24000
776,7,499,9,5,22220,0,1,24000
775,7,499,6,1,22220,0,1,24000
774,7,499,7,3,22220,0,1,24000
773,7,499,10,5,22220,0,1,24000
772,7,499,6,1,22220,0,1,24000
771,7,499,7,3,22220,0,1,24000
770,7,499,8,3,22220,0,1,24000
769,7,499,6,1,22220,0,1,24000
768,7,499,7,3,22220,0,1,24000
767,7,499,9,5,22220,0,1,24000
766,7,499,6,1,22220,0,1,24000
765,7,499,7,3,22220,0,1,24000
764,7,499,11,7,22220,0,1,24000
763,7,499,6,1,22220,0,1,24000
762,7,499,7,3,22220,0,1,24000
761,7,499,8,3,22220,0,1,24000
760,7,499,6,1,22220,0,1,24000
759,7,499,7,3,22220,0,1,24000
758,7,499,9,5,22220,0,1,24000
757,7,499,6,1,22220,0,1,24000
756,7,499,7,3,22220,0,1,24000
755,7,499,13,9,22220,0,1,24000
754,7,499,6,1,22220,0,1,24000
753,7,499,7,3,22220,0,1,24000
752,7,499,8,3,22220,0,1,24000
751,7,499,6,1,22220,0,1,24000
750,7,499,7,3,22220,0,1,24000
749,7,499,9,5,22220,0,1,24000
748,7,499,6,1,22220,0,1,24000
747,7,499,7,3,22220,0,1,24000
746,7,499,10,5,22220,0,1,24000
745,7,499,6,1,22220,0,1,24000
744,7,499,7,3,22220,0,1,24000
743,7,499,8,3,22220,0,1,24000
742,7,499,6,1,22220,0,1,24000
741,7,499,7,3,22220,0,1,24000
740,7,499,9,5,22220,0,1,24000
739,7,499,6,1,22220,0,1,24000
738,7,499,7,3,22220,0,1,24000
737,7,499,11,7,22220,0,1,24000
736,7,499,6,1,22220,0,1,24000
735,7,499,7,3,22220,0,1,24000
734,7,499,8,3,22220,0,1,24000
733,7,499,6,1,22220,0,1,24000
732,7,499,7,3,22220,0,1,24000
731,7,499,9,5,22220,0,1,24000
730,7,499,6,1,22220,0,1,24000
729,7,499,7,3,22220,0,1,24000
729,6,499,19,14,22220,0,1,24000
728,6,499,5,1,22220,0,1,24000
727,6,499,6,3,22220,0,1,24000
726,6,499,7,3,22220,0,1,24000
725,6,499,5,1,22220,0,1,24000
724,6,499,6,3,22220,0,1,24000
723,6,499,8,5,22220,0,1,24000
722,6,499,5,1,22220,0,1,24000
721,6,499,6,3,22220,0,1,24000
720,6,499,9,5,22220,0,1,24000
719,6,499,5,1,22220,0,1,24000
718,6,499,6,3,22220,0,1,24000
717,6,499,7,3,22220,0,1,24000
716,6,499,5,1,22220,0,1,24000
715,6,499,6,3,22220,0,1,24000
714,6,499,8,5,22220,0,1,24000
713,6,499,5,1,22220,0,1,24000
712,6,499,6,3,22220,0,1,24000
711,6,499,10,7,22220,0,1,24000
710,6,499,5,1,22220,0,1,24000
709,6,499,6,3,22220,0,1,24000
708,6,499,7,3,22220,0,1,24000
707,6,499,5,1,22220,0,1,24000
706,6,499,6,3,22220,0,1,24000
705,6,499,8,5,22220,0,1,24000
704,6,499,5,1,22220,0,1,24000
703,6,499,6,3,22220,0,1,24000
702,6,499,11,7,22220,0,1,24000
701,6,499,5,1,22220,0,1,24000
700,6,499,6,3,22220,0,1,24000
699,6,499,7,3,22220,0,1,24000
698,6,499,5,1,22220,0,1,24000
697,6,499,6,3,22220,0,1,24000
696,6,499,8,5,22220,0,1,24000
695,6,499,5,1,22220,0,1,24000
694,6,499,6,3,22220,0,1,24000
693,6,499,9,5,22220,0,1,24000
692,6,499,5,1,22220,0,1,24000
691,6,499,6,3,22220,0,1,24000
690,6,499,7,3,22220,0,1,24000
689,6,499,5,1,22220,0,1,24000
688,6,499,6,3,22220,0,1,24000
687,6,499,8,5,22220,0,1,24000
686,6,499,5,1,22220,0,1,24000
685,6,499,6,3,22220,0,1,24000
684,6,499,10,7,22220,0,1,24000
683,6,499,5,1,22220,0,1,24000
682,6,499,6,3,22220,0,1,24000
681,6,499,7,3,22220,0,1,24000
680,6,499,5,1,22220,0,1,24000
679,6,499,6,3,22220,0,1,24000
678,6,499,8,5,22220,0,1,24000
677,6,499,5,1,22220,0,1,24000
676,6,499,6,3,22220,0,1,24000
675,6,499,12,9,22220,0,1,24000
674,6,499,5,1,22220,0,1,24000
673,6,499,6,3,22220,0,1,24000
672,6,499,7,3,22220,0,1,24000
671,6,499,5,1,22220,0,1,24000
670,6,499,6,3,22220,0,1,24000
669,6,499,8,5,22220,0,1,24000
668,6,499,5,1,22220,0,1,24000
667,6,499,6,3,22220,0,1,24000
666,6,499,9,5,22220,0,1,24000
665,6,499,5,1,22220,0,1,24000
664,6,499,6,3,22220,0,1,24000
663,6,499,7,3,22220,0,1,24000
662,6,499,5,1,22220,0,1,24000
661,6,499,6,3,22220,0,1,24000
660,6,499,8,5,22220,0,1,24000
659,6,499,5,1,22220,0,1,24000
658,6,499,6,3,22220,0,1,24000
657,6,499,10,7,22220,0,1,24000
656,6,499,5,1,22220,0,1,24000
655,6,499,6,3,22220,0,1,24000
654,6,499,7,3,22220,0,1,24000
653,6,499,5,1,22220,0,1,24000
652,6,499,6,3,22220,0,1,24000
651,6,499,8,5,22220,0,1,24000
650,6,499,5,1,22220,0,1,24000
649,6,499,6,3,22220,0,1,24000
648,6,499,13,9,22220,0,1,24000
647,6,499,5,1,22220,0,1,24000
646,6,499,6,3,22220,0,1,24000
645,6,499,7,3,22220,0,1,24000
644,6,499,5,1,22220,0,1,24000
643,6,499,6,3,22220,0,1,24000
642,6,499,8,5,22220,0,1,24000
641,6,499,5,1,22220,0,1,24000
640,6,499,6,3,22220,0,1,24000
639,6,499,9,5,22220,0,1,24000
638,6,499,5,1,22220,0,1,24000
637,6,499,6,3,22220,0,1,24000
636,6,499,7,3,22220,0,1,24000
635,6,499,5,1,22220,0,1,24000
634,6,499,6,3,22220,0,1,24000
633,6,499,8,5,22220,0,1,24000
632,6,499,5,1,22220,0,1,24000
631,6,499,6,3,22220,0,1,24000
630,6,499,10,7,22220,0,1,24000
629,6,499,5,1,22220,0,1,24000
628,6,499,6,3,22220,0,1,24000
627,6,499,7,3,22220,0,1,24000
626,6,499,5,1,22220,0,1,24000
625,6,499,6,3,22220,0,1,24000
624,6,499,8,5,22220,0,1,24000
623,6,499,5,1,22220,0,1,24000
622,6,499,6,3,22220,0,1,24000
621,6,499,11,7,22220,0,1,24000
620,6,499,5,1,22220,0,1,24000
619,6,499,6,3,22220,0,1,24000
618,6,499,7,3,22220,0,1,24000
617,6,499,5,1,22220,0,1,24000
616,6,499,6,3,22220,0,1,24000
615,6,499,8,5,22220,0,1,24000
614,6,499,5,1,22220,0,1,24000
613,6,499,6,3,22220,0,1,24000
612,6,499,9,5,22220,0,1,24000
611,6,499,5,1,22220,0,1,24000
610,6,499,6,3,22220,0,1,24000
609,6,499,7,3,22220,0,1,24000
608,6,499,5,1,22220,0,1,24000
607,6,499,6,3,22220,0,1,24000
606,6,499,8,5,22220,0,1,24000
605,6,499,5,1,22220,0,1,24000
604,6,499,6,3,22220,0,1,24000
603,6,499,10,7,22220,0,1,24000
602,6,499,5,1,22220,0,1,24000
601,6,499,6,3,22220,0,1,24000
600,6,499,7,3,22220,0,1,24000
599,6,499,5,1,22220,0,1,24000
598,6,499,6,3,22220,0,1,24000
597,6,499,8,5,22220,0,1,24000
596,6,499,5,1,22220,0,1,24000
595,6,499,6,3,22220,0,1,24000
594,6,499,12,9,22220,0,1,24000
593,6,499,5,1,22220,0,1,24000
592,6,499,6,3,22220,0,1,24000
591,6,499,7,3,22220,0,1,24000
590,6,499,5,1,22220,0,1,24000
589,6,499,6,3,22220,0,1,24000
588,6,499,8,5,22220,0,1,24000
587,6,499,5,1,22220,0,1,24000
586,6,499,6,3,22220,0,1,24000
585,6,499,9,5,22220,0,1,24000
584,6,499,5,1,22220,0,1,24000
583,6,499,6,3,22220,0,1,24000
582,6,499,7,3,22220,0,1,24000
581,6,499,5,1,22220,0,1,24000
580,6,499,6,3,22220,0,1,24000
579,6,499,8,5,22220,0,1,24000
578,6,499,5,1,22220,0,1,24000
577,6,499,6,3,22220,0,1,24000
576,6,499,10,7,22220,0,1,24000
575,6,499,5,1,22220,0,1,24000
574,6,499,6,3,22220,0,1,24000
573,6,499,7,3,22220,0,1,24000
572,6,499,5,1,22220,0,1,24000
571,6,499,6,3,22220,0,1,24000
570,6,499,8,5,22220,0,1,24000
569,6,499,5,1,22220,0,1,24000
568,6,499,6,3,22220,0,1,24000
567,6,499,14,10,22220,0,1,24000
566,6,499,5,1,22220,0,1,24000
565,6,499,6,3,22220,0,1,24000
564,6,499,7,3,22220,0,1,24000
563,6,499,5,1,22220,0,1,24000
562,6,499,6,3,22220,0,1,24000
561,6,499,8,5,22220,0,1,24000
560,6,499,5,1,22220,0,1,24000
559,6,499,6,3,22220,0,1,24000
558,6,499,9,5,22220,0,1,24000
557,6,499,5,1,22220,0,1,24000
556,6,499,6,3,22220,0,1,24000
555,6,499,7,3,22220,0,1,24000
554,6,499,5,1,22220,0,1,24000
553,6,499,6,3,22220,0,1,24000
552,6,499,8,5,22220,0,1,24000
551,6,499,5,1,22220,0,1,24000
550,6,499,6,3,22220,0,1,24000
549,6,499,10,7,22220,0,1,24000
548,6,499,5,1,22220,0,1,24000
547,6,499,6,3,22220,0,1,24000
546,6,499,7,3,22220,0,1,24000
545,6,499,5,1,22220,0,1,24000
544,6,499,6,3,22220,0,1,24000
543,6,499,8,5,22220,0,1,24000
542,6,499,5,1,22220,0,1,24000
541,6,499,6,3,22220,0,1,24000
540,6,499,11,7,22220,0,1,24000
539,6,499,5,1,22220,0,1,24000
538,6,499,6,3,22220,0,1,24000
537,6,499,7,3,22220,0,1,24000
536,6,499,5,1,22220,0,1,24000
535,6,499,6,3,22220,0,1,24000
534,6,499,8,5,22220,0,1,24000
533,6,499,5,1,22220,0,1,24000
532,6,499,6,3,22220,0,1,24000
531,6,499,9,5,22220,0,1,24000
530,6,499,5,1,22220,0,1,24000
529,6,499,6,3,22220,0,1,24000
528,6,499,7,3,22220,0,1,24000
527,6,499,5,1,22220,0,1,24000
526,6,499,6,3,22220,0,1,24000
525,6,499,8,5,22220,0,1,24000
524,6,499,5,1,22220,0,1,24000
523,6,499,6,3,22220,0,1,24000
522,6,499,10,7,22220,0,1,24000
521,6,499,5,1,22220,0,1,24000
520,6,499,6,3,22220,0,1,24000
519,6,499,7,3,22220,0,1,24000
518,6,499,5,1,22220,0,1,24000
517,6,499,6,3,22220,0,1,24000
516,6,499,8,5,22220,0,1,24000
515,6,499,5,1,22220,0,1,24000
514,6,499,6,3,22220,0,1,24000
513,6,499,12,9,22220,0,1,24000
512,6,499,5,1,22220,0,1,24000
511,6,499,6,3,22220,0,1,24000
510,6,499,7,3,22220,0,1,24000
509,6,499,5,1,22220,0,1,24000
508,6,499,6,3,22220,0,1,24000
507,6,499,8,5,22220,0,1,24000
506,6,499,5,1,22220,0,1,24000
505,6,499,6,3,22220,0,1,24000
504,6,499,9,5,22220,0,1,24000
503,6,499,5,1,22220,0,1,24000
502,6,499,6,3,22220,0,1,24000
501,6,499,7,3,22220,0,1,24000
500,6,499,5,1,22220,0,1,24000
499,6,499,6,3,22220,0,1,24000
498,6,499,8,5,22220,0,1,24000
497,6,499,5,1,22220,0,1,24000
496,6,499,6,3,22220,0,1,24000
495,6,499,10,7,22220,0,1,24000
494,6,499,5,1,22220,0,1,24000
493,6,499,6,3,22220,0,1,24000
492,6,499,7,3,22220,0,1,24000
491,6,499,5,1,22220,0,1,24000
490,6,499,6,3,22220,0,1,24000
489,6,499,8,5,22220,0,1,24000
488,6,499,5,1,22220,0,1,24000
487,6,499,6,3,22220,0,1,24000
486,6,499,15,10,22220,0,1,24000
485,6,499,5,1,22220,0,1,24000
484,6,499,6,3,22220,0,1,24000
483,6,499,7,3,22220,0,1,24000
482,6,499,5,1,22220,0,1,24000
481,6,499,6,3,22220,0,1,24000
480,6,499,8,5,22220,0,1,24000
479,6,499,5,1,22220,0,1,24000
478,6,499,6,3,22220,0,1,24000
477,6,499,9,5,22220,0,1,24000
476,6,499,5,1,22220,0,1,24000
475,6,499,6,3,22220,0,1,24000
474,6,499,7,3,22220,0,1,24000
473,6,499,5,1,22220,0,1,24000
472,6,499,6,3,22220,0,1,24000
471,6,499,8,5,22220,0,1,24000
470,6,499,5,1,22220,0,1,24000
469,6,499,6,3,22220,0,1,24000
468,6,499,10,7,22220,0,1,24000
467,6,499,5,1,22220,0,1,24000
466,6,499,6,3,22220,0,1,24000
465,6,499,7,3,22220,0,1,24000
464,6,499,5,1,22220,0,1,24000
463,6,499,6,3,22220,0,1,24000
462,6,499,8,5,22220,0,1,24000
461,6,499,5,1,22220,0,1,24000
460,6,499,6,3,22220,0,1,24000
459,6,499,11,7,22220,0,1,24000
458,6,499,5,1,22220,0,1,24000
457,6,499,6,3,22220,0,1,24000
456,6,499,7,3,22220,0,1,24000
455,6,499,5,1,22220,0,1,24000
454,6,499,6,3,22220,0,1,24000
453,6,499,8,5,22220,0,1,24000
452,6,499,5,1,22220,0,1,24000
451,6,499,6,3,22220,0,1,24000
450,6,499,9,5,22220,0,1,24000
449,6,499,5,1,22220,0,1,24000
448,6,499,6,3,22220,0,1,24000
447,6,499,7,3,22220,0,1,24000
446,6,499,5,1,22220,0,1,24000
445,6,499,6,3,22220,0,1,24000
444,6,499,8,5,22220,0,1,24000
443,6,499,5,1,22220,0,1,24000
442,6,499,6,3,22220,0,1,24000
441,6,499,10,7,22220,0,1,24000
440,6,499,5,1,22220,0,1,24000
439,6,499,6,3,22220,0,1,24000
438,6,499,7,3,22220,0,1,24000
437,6,499,5,1,22220,0,1,24000
436,6,499,6,3,22220,0,1,24000
435,6,499,8,5,22220,0,1,24000
434,6,499,5,1,22220,0,1,24000
433,6,499,6,3,22220,0,1,24000
432,6,499,12,9,22220,0,1,24000
431,6,499,5,1,22220,0,1,24000
430,6,499,6,3,22220,0,1,24000
429,6,499,7,3,22220,0,1,24000
428,6,499,5,1,22220,0,1,24000
427,6,499,6,3,22220,0,1,24000
426,6,499,8,5,22220,0,1,24000
425,6,499,5,1,22220,0,1,24000
424,6,499,6,3,22220,0,1,24000
423,6,499,9,5,22220,0,1,24000
422,6,499,5,1,22220,0,1,24000
421,6,499,6,3,22220,0,1,24000
420,6,499,7,3,22220,0,1,24000
419,6,499,5,1,22220,0,1,24000
418,6,499,6,3,22220,0,1,24000
417,6,499,8,5,22220,0,1,24000
416,6,499,5,1,22220,0,1,24000
415,6,499,6,3,22220,0,1,24000
414,6,499,10,7,22220,0,1,24000
413,6,499,5,1,22220,0,1,24000
412,6,499,6,3,22220,0,1,24000
411,6,499,7,3,22220,0,1,24000
410,6,499,5,1,22220,0,1,24000
409,6,499,6,3,22220,0,1,24000
408,6,499,8,5,22220,0,1,24000
407,6,499,5,1,22220,0,1,24000
406,6,499,6,3,22220,0,1,24000
405,6,499,13,9,22220,0,1,24000
404,6,499,5,1,22220,0,1,24000
403,6,499,6,3,22220,0,1,24000
402,6,499,7,3,22220,0,1,24000
401,6,499,5,1,22220,0,1,24000
400,6,499,6,3,22220,0,1,24000
399,6,499,8,5,22220,0,1,24000
398,6,499,5,1,22220,0,1,24000
397,6,499,6,3,22220,0,1,24000
396,6,499,9,5,22220,0,1,24000
395,6,499,5,1,22220,0,1,24000
394,6,499,6,3,22220,0,1,24000
393,6,499,7,3,22220,0,1,24000
392,6,499,5,1,22220,0,1,24000
391,6,499,6,3,22220,0,1,24000
390,6,499,8,5,22220,0,1,24000
389,6,499,5,1,22220,0,1,24000
388,6,499,6,3,22220,0,1,24000
387,6,499,10,7,22220,0,1,24000
386,6,499,5,1,22220,0,1,24000
385,6,499,6,3,22220,0,1,24000
384,6,499,7,3,22220,0,1,24000
383,6,499,5,1,22220,0,1,24000
382,6,499,6,3,22220,0,1,24000
381,6,499,8,5,22220,0,1,24000
380,6,499,5,1,22220,0,1,24000
379,6,499,6,3,22220,0,1,24000
378,6,499,11,7,22220,0,1,24000
377,6,499,5,1,22220,0,1,24000
376,6,499,6,3,22220,0,1,24000
375,6,499,7,3,22220,0,1,24000
374,6,499,5,1,22220,0,1,24000
373,6,499,6,3,22220,0,1,24000
372,6,499,8,5,22220,0,1,24000
371,6,499,5,1,22220,0,1,24000
370,6,499,6,3,22220,0,1,24000
369,6,499,9,5,22220,0,1,24000
368,6,499,5,1,22220,0,1,24000
367,6,499,6,3,22220,0,1,24000
366,6,499,7,3,22220,0,1,24000
365,6,499,5,1,22220,0,1,24000
364,6,499,6,3,22220,0,1,24000
363,6,499,8,5,22220,0,1,24000
362,6,499,5,1,22220,0,1,24000
361,6,499,6,3,22220,0,1,24000
360,6,499,10,7,22220,0,1,24000
359,6,499,5,1,22220,0,1,24000
358,6,499,6,3,22220,0,1,24000
357,6,499,7,3,22220,0,1,24000
356,6,499,5,1,22220,0,1,24000
355,6,499,6,3,22220,0,1,24000
354,6,499,8,5,22220,0,1,24000
353,6,499,5,1,22220,0,1,24000
352,6,499,6,3,22220,0,1,24000
351,6,499,12,9,22220,0,1,24000
350,6,499,5,1,22220,0,1,24000
349,6,499,6,3,22220,0,1,24000
348,6,499,7,3,22220,0,1,24000
347,6,499,5,1,22220,0,1,24000
346,6,499,6,3,22220,0,1,24000
345,6,499,8,5,22220,0,1,24000
344,6,499,5,1,22220,0,1,24000
343,6,499,6,3,22220,0,1,24000
342,6,499,9,5,22220,0,1,24000
341,6,499,5,1,22220,0,1,24000
340,6,499,6,3,22220,0,1,24000
339,6,499,7,3,22220,0,1,24000
338,6,499,5,1,22220,0,1,24000
337,6,499,6,3,22220,0,1,24000
336,6,499,8,5,22220,0,1,24000
335,6,499,5,1,22220,0,1,24000
334,6,499,6,3,22220,0,1,24000
333,6,499,10,7,22220,0,1,24000
332,6,499,5,1,22220,0,1,24000
331,6,499,6,3,22220,0,1,24000
330,6,499,7,3,22220,0,1,24000
329,6,499,5,1,22220,0,1,24000
328,6,499,6,3,22220,0,1,24000
327,6,499,8,5,22220,0,1,24000
326,6,499,5,1,22220,0,1,24000
325,6,499,6,3,22220,0,1,24000
324,6,499,14,10,22220,0,1,24000
323,6,499,5,1,22220,0,1,24000
322,6,499,6,3,22220,0,1,24000
321,6,499,7,3,22220,0,1,24000
320,6,499,5,1,22220,0,1,24000
319,6,499,6,3,22220,0,1,24000
318,6,499,8,5,22220,0,1,24000
317,6,499,5,1,22220,0,1,24000
316,6,499,6,3,22220,0,1,24000
315,6,499,9,5,22220,0,1,24000
314,6,499,5,1,22220,0,1,24000
313,6,499,6,3,22220,0,1,24000
312,6,499,7,3,22220,0,1,24000
311,6,499,5,1,22220,0,1,24000
310,6,499,6,3,22220,0,1,24000
309,6,499,8,5,22220,0,1,24000
308,6,499,5,1,22220,0,1,24000
307,6,499,6,3,22220,0,1,24000
306,6,499,10,7,22220,0,1,24000
305,6,499,5,1,22220,0,1,24000
304,6,499,6,3,22220,0,1,24000
303,6,499,7,3,22220,0,1,24000
302,6,499,5,1,22220,0,1,24000
301,6,499,6,3,22220,0,1,24000
300,6,499,8,5,22220,0,1,24000
299,6,499,5,1,22220,0,1,24000
298,6,499,6,3,22220,0,1,24000
297,6,499,11,7,22220,0,1,24000
296,6,499,5,1,22220,0,1,24000
295,6,499,6,3,22220,0,1,24000
294,6,499,7,3,22220,0,1,24000
293,6,499,5,1,22220,0,1,24000
292,6,499,6,3,22220,0,1,24000
291,6,499,8,5,22220,0,1,24000
290,6,499,5,1,22220,0,1,24000
289,6,499,6,3,22220,0,1,24000
288,6,499,9,5,22220,0,1,24000
287,6,499,5,1,22220,0,1,24000
286,6,499,6,3,22220,0,1,24000
285,6,499,7,3,22220,0,1,24000
284,6,499,5,1,22220,0,1,24000
283,6,499,6,3,22220,0,1,24000
282,6,499,8,5,22220,0,1,24000
281,6,499,5,1,22220,0,1,24000
280,6,499,6,3,22220,0,1,24000
279,6,499,10,7,22220,0,1,24000
278,6,499,5,1,22220,0,1,24000
277,6,499,6,3,22220,0,1,24000
276,6,499,7,3,22220,0,1,24000
275,6,499,5,1,22220,0,1,24000
274,6,499,6,3,22220,0,1,24000
273,6,499,8,5,22220,0,1,24000
272,6,499,5,1,22220,0,1,24000
271,6,499,6,3,22220,0,1,24000
270,6,499,12,9,22220,0,1,24000
269,6,499,5,1,22220,0,1,24000
268,6,499,6,3,22220,0,1,24000
267,6,499,7,3,22220,0,1,24000
266,6,499,5,1,22220,0,1,24000
265,6,499,6,3,22220,0,1,24000
264,6,499,8,5,22220,0,1,24000
263,6,499,5,1,22220,0,1,24000
262,6,499,6,3,22220,0,1,24000
261,6,499,9,5,22220,0,1,24000
260,6,499,5,1,22220,0,1,24000
259,6,499,6,3,22220,0,1,24000
258,6,499,7,3,22220,0,1,24000
257,6,499,5,1,22220,0,1,24000
256,6,499,6,3,22220,0,1,24000
255,6,499,8,5,22220,0,1,24000
254,6,499,5,1,22220,0,1,24000
253,6,499,6,3,22220,0,1,24000
252,6,499,10,7,22220,0,1,24000
251,6,499,5,1,22220,0,1,24000
250,6,499,6,3,22220,0,1,24000
249,6,499,7,3,22220,0,1,24000
248,6,499,5,1,22220,0,1,24000
247,6,499,6,3,22220,0,1,24000
246,6,499,8,5,22220,0,1,24000
245,6,499,5,1,22220,0,1,24000
244,6,499,6,3,22220,0,1,24000
244,5,499,16,12,22220,0,1,24000
243,5,499,4,1,22220,0,1,24000
242,5,499,5,3,22220,0,1,24000
241,5,499,6,3,22220,0,1,24000
240,5,499,4,1,22220,0,1,24000
239,5,499,5,3,22220,0,1,24000
238,5,499,7,5,22220,0,1,24000
237,5,499,4,1,22220,0,1,24000
236,5,499,5,3,22220,0,1,24000
235,5,499,8,5,22220,0,1,24000
234,5,499,4,1,22220,0,1,24000
233,5,499,5,3,22220,0,1,24000
232,5,499,6,3,22220,0,1,24000
231,5,499,4,1,22220,0,1,24000
230,5,499,5,3,22220,0,1,24000
229,5,499,7,5,22220,0,1,24000
228,5,499,4,1,22220,0,1,24000
227,5,499,5,3,22220,0,1,24000
226,5,499,9,7,22220,0,1,24000
225,5,499,4,1,22220,0,1,24000
224,5,499,5,3,22220,0,1,24000
223,5,499,6,3,22220,0,1,24000
222,5,499,4,1,22220,0,1,24000
221,5,499,5,3,22220,0,1,24000
220,5,499,7,5,22220,0,1,24000
219,5,499,4,1,22220,0,1,24000
218,5,499,5,3,22220,0,1,24000
217,5,499,10,7,22220,0,1,24000
216,5,499,4,1,22220,0,1,24000
215,5,499,5,3,22220,0,1,24000
214,5,499,6,3,22220,0,1,24000
213,5,499,4,1,22220,0,1,24000
212,5,499,5,3,22220,0,1,24000
211,5,499,7,5,22220,0,1,24000
210,5,499,4,1,22220,0,1,24000
209,5,499,5,3,22220,0,1,24000
208,5,499,8,5,22220,0,1,24000
207,5,499,4,1,22220,0,1,24000
206,5,499,5,3,22220,0,1,24000
205,5,499,6,3,22220,0,1,24000
204,5,499,4,1,22220,0,1,24000
203,5,499,5,3,22220,0,1,24000
202,5,499,7,5,22220,0,1,24000
201,5,499,4,1,22220,0,1,24000
200,5,499,5,3,22220,0,1,24000
199,5,499,9,7,22220,0,1,24000
198,5,499,4,1,22220,0,1,24000
197,5,499,5,3,22220,0,1,24000
196,5,499,6,3,22220,0,1,24000
195,5,499,4,1,22220,0,1,24000
194,5,499,5,3,22220,0,1,24000
193,5,499,7,5,22220,0,1,24000
192,5,499,4,1,22220,0,1,24000
191,5,499,5,3,22220,0,1,24000
190,5,499,11,8,22220,0,1,24000
189,5,499,4,1,22220,0,1,24000
188,5,499,5,3,22220,0,1,24000
187,5,499,6,3,22220,0,1,24000
186,5,499,4,1,22220,0,1,24000
185,5,499,5,3,22220,0,1,24000
184,5,499,7,5,22220,0,1,24000
183,5,499,4,1,22220,0,1,24000
182,5,499,5,3,22220,0,1,24000
181,5,499,8,5,22220,0,1,24000
180,5,499,4,1,22220,0,1,24000
179,5,499,5,3,22220,0,1,24000
178,5,499,6,3,22220,0,1,24000
177,5,499,4,1,22220,0,1,24000
176,5,499,5,3,22220,0,1,24000
175,5,499,7,5,22220,0,1,24000
174,5,499,4,1,22220,0,1,24000
173,5,499,5,3,22220,0,1,24000
172,5,499,9,7,22220,0,1,24000
171,5,499,4,1,22220,0,1,24000
170,5,499,5,3,22220,0,1,24000
169,5,499,6,3,22220,0,1,24000
168,5,499,4,1,22220,0,1,24000
167,5,499,5,3,22220,0,1,24000
166,5,499,7,5,22220,0,1,24000
165,5,499,4,1,22220,0,1,24000
164,5,499,5,3,22220,0,1,24000
163,5,499,12,8,22220,0,1,24000
162,5,499,4,1,22220,0,1,24000
161,5,499,5,3,22220,0,1,24000
160,5,499,6,3,22220,0,1,24000
159,5,499,4,1,22220,0,1,24000
158,5,499,5,3,22220,0,1,24000
157,5,499,7,5,22220,0,1,24000
156,5,499,4,1,22220,0,1,24000
155,5,499,5,3,22220,0,1,24000
154,5,499,8,5,22220,0,1,24000
153,5,499,4,1,22220,0,1,24000
152,5,499,5,3,22220,0,1,24000
151,5,499,6,3,22220,0,1,24000
150,5,499,4,1,22220,0,1,24000
149,5,499,5,3,22220,0,1,24000
148,5,499,7,5,22220,0,1,24000
147,5,499,4,1,22220,0,1,24000
146,5,499,5,3,22220,0,1,24000
145,5,499,9,7,22220,0,1,24000
144,5,499,4,1,22220,0,1,24000
143,5,499,5,3,22220,0,1,24000
142,5,499,6,3,22220,0,1,24000
141,5,499,4,1,22220,0,1,24000
140,5,499,5,3,22220,0,1,24000
139,5,499,7,5,22220,0,1,24000
138,5,499,4,1,22220,0,1,24000
137,5,499,5,3,22220,0,1,24000
136,5,499,10,7,22220,0,1,24000
135,5,499,4,1,22220,0,1,24000
134,5,499,5,3,22220,0,1,24000
133,5,499,6,3,22220,0,1,24000
132,5,499,4,1,22220,0,1,24000
131,5,499,5,3,22220,0,1,24000
130,5,499,7,5,22220,0,1,24000
129,5,499,4,1,22220,0,1,24000
128,5,499,5,3,22220,0,1,24000
127,5,499,8,5,22220,0,1,24000
126,5,499,4,1,22220,0,1,24000
125,5,499,5,3,22220,0,1,24000
124,5,499,6,3,22220,0,1,24000
123,5,499,4,1,22220,0,1,24000
122,5,499,5,3,22220,0,1,24000
121,5,499,7,5,22220,0,1,24000
120,5,499,4,1,22220,0,1,24000
119,5,499,5,3,22220,0,1,24000
118,5,499,9,7,22220,0,1,24000
117,5,499,4,1,22220,0,1,24000
116,5,499,5,3,22220,0,1,24000
115,5,499,6,3,22220,0,1,24000
114,5,499,4,1,22220,0,1,24000
113,5,499,5,3,22220,0,1,24000
112,5,499,7,5,22220,0,1,24000
111,5,499,4,1,22220,0,1,24000
110,5,499,5,3,22220,0,1,24000
109,5,499,11,8,22220,0,1,24000
108,5,499,4,1,22220,0,1,24000
107,5,499,5,3,22220,0,1,24000
106,5,499,6,3,22220,0,1,24000
105,5,499,4,1,22220,0,1,24000
104,5,499,5,3,22220,0,1,24000
103,5,499,7,5,22220,0,1,24000
102,5,499,4,1,22220,0,1,24000
101,5,499,5,3,22220,0,1,24000
100,5,499,8,5,22220,0,1,24000
99,5,499,4,1,22220,0,1,24000
98,5,499,5,3,22220,0,1,24000
97,5,499,6,3,22220,0,1,24000
96,5,499,4,1,22220,0,1,24000
95,5,499,5,3,22220,0,1,24000
94,5,499,7,5,22220,0,1,24000
93,5,499,4,1,22220,0,1,24000
92,5,499,5,3,22220,0,1,24000
91,5,499,9,7,22220,0,1,24000
90,5,499,4,1,22220,0,1,24000
89,5,499,5,3,22220,0,1,24000
88,5,499,6,3,22220,0,1,24000
87,5,499,4,1,22220,0,1,24000
86,5,499,5,3,22220,0,1,24000
85,5,499,7,5,22220,0,1,24000
84,5,499,4,1,22220,0,1,24000
83,5,499,5,3,22220,0,1,24000
83,4,499,13,10,22220,0,1,24000
82,4,499,3,1,22220,0,1,24000
81,4,499,4,3,22220,0,1,24000
80,4,499,5,3,22220,0,1,24000
79,4,499,3,1,22220,0,1,24000
78,4,499,4,3,22220,0,1,24000
77,4,499,6,5,22220,0,1,24000
76,4,499,3,1,22220,0,1,24000
75,4,499,4,3,22220,0,1,24000
74,4,499,7,5,22220,0,1,24000
73,4,499,3,1,22220,0,1,24000
72,4,499,4,3,22220,0,1,24000
71,4,499,5,3,22220,0,1,24000
70,4,499,3,1,22220,0,1,24000
69,4,499,4,3,22220,0,1,24000
68,4,499,6,5,22220,0,1,24000
67,4,499,3,1,22220,0,1,24000
66,4,499,4,3,22220,0,1,24000
65,4,499,8,6,22220,0,1,24000
64,4,499,3,1,22220,0,1,24000
63,4,499,4,3,22220,0,1,24000
62,4,499,5,3,22220,0,1,24000
61,4,499,3,1,22220,0,1,24000
60,4,499,4,3,22220,0,1,24000
59,4,499,6,5,22220,0,1,24000
58,4,499,3,1,22220,0,1,24000
57,4,499,4,3,22220,0,1,24000
56,4,499,9,6,22220,0,1,24000
55,4,499,3,1,22220,0,1,24000
54,4,499,4,3,22220,0,1,24000
53,4,499,5,3,22220,0,1,24000
52,4,499,3,1,22220,0,1,24000
51,4,499,4,3,22220,0,1,24000
50,4,499,6,5,22220,0,1,24000
49,4,499,3,1,22220,0,1,24000
48,4,499,4,3,22220,0,1,24000
47,4,499,7,5,22220,0,1,24000
46,4,499,3,1,22220,0,1,24000
45,4,499,4,3,22220,0,1,24000
44,4,499,5,3,22220,0,1,24000
43,4,499,3,1,22220,0,1,24000
42,4,499,4,3,22220,0,1,24000
41,4,499,6,5,22220,0,1,24000
40,4,499,3,1,22220,0,1,24000
39,4,499,4,3,22220,0,1,24000
38,4,499,8,6,22220,0,1,24000
37,4,499,3,1,22220,0,1,24000
36,4,499,4,3,22220,0,1,24000
35,4,499,5,3,22220,0,1,24000
34,4,499,3,1,22220,0,1,24000
33,4,499,4,3,22220,0,1,24000
32,4,499,6,5,22220,0,1,24000
31,4,499,3,1,22220,0,1,24000
30,4,499,4,3,22220,0,1,24000
30,3,499,10,8,22220,0,1,24000
29,3,499,2,1,22220,0,1,24000
28,3,499,3,3,22220,0,1,24000
27,3,499,4,3,22220,0,1,24000
26,3,499,2,1,22220,0,1,24000
25,3,499,3,3,22220,0,1,24000
24,3,499,5,4,22220,0,1,24000
23,3,499,2,1,22220,0,1,24000
22,3,499,3,3,22220,0,1,24000
21,3,499,6,4,22220,0,1,24000
20,3,499,2,1,22220,0,1,24000
19,3,499,3,3,22220,0,1,24000
18,3,499,4,3,22220,0,1,24000
17,3,499,2,1,22220,0,1,24000
16,3,499,3,3,22220,0,1,24000
15,3,499,5,4,22220,0,1,24000
14,3,499,2,1,22220,0,1,24000
13,3,499,3,3,22220,0,1,24000
13,2,499,7,6,22220,0,1,24000
12,2,499,1,1,22220,0,1,24000
11,2,499,2,2,22220,0,1,24000
10,2,499,3,2,22220,0,1,24000
9,2,499,1,1,22220,0,1,24000
8,2,499,2,2,22220,0,1,24000
8,1,499,4,4,22220,0,1,24000
7,1,499,0,0,22220,0,1,24000
6,1,499,0,0,22220,0,1,24000
